<component name="ProjectRunConfigurationManager">
  <configuration default="false" name="Analog" type="AndroidWatchFaceConfigurationType" factoryName="AndroidWatchFaceConfigurationFactory" show_console_on_std_err="false" show_console_on_std_out="false">
    <module name="WatchFaceKotlin.app" />
    <option name="allowRunningInParallel" value="false" />
    <option name="componentName" value="com.example.android.wearable.alpha.AnalogWatchFaceService" />
    <option name="installFlags" value="" />
    <option name="projectPathOnTarget" />
    <option name="selectedOptions">
      <list />
    </option>
    <method v="2">
      <option name="Make" enabled="true" />
      <option name="Android.Gradle.BeforeRunTask" enabled="true" />
    </method>
  </configuration>
</component>