{
  "$schema": "https://docs.renovatebot.com/renovate-schema.json",
  "extends": [
    "config:base",
    "group:all",
    ":dependencyDashboard",
    "schedule:daily"
  ],
  "commitMessageExtra": "{{{currentValue}}} to {{#if isPinDigest}}{{{newDigestShort}}}{{else}}{{#if isMajor}}{{prettyNewMajor}}{{else}}{{#if isSingleVersion}}{{prettyNewVersion}}{{else}}{{#if newValue}}{{{newValue}}}{{else}}{{{newDigestShort}}}{{/if}}{{/if}}{{/if}}{{/if}}",
  "packageRules": [
    {
      "matchPackagePatterns": [
        "androidx.compose.compiler:compiler"
      ],
      "groupName": "kotlin"
    },
    {
      "matchPackagePatterns": [
        "org.jetbrains.kotlin.*"
      ],
      "groupName": "kotlin",
      "allowedVersions": "<2.0.0"
    },
    {
      "matchPackagePatterns": [
        "com.google.devtools.ksp"
      ],
      "groupName": "kotlin",
      "allowedVersions": "<2.0.0"
    },
    {
      "matchPackageNames": ["com.google.guava:guava"],
      "versioning": "regex:^(?<major>\\d+)(\\.(?<minor>\\d+))?(\\.(?<patch>\\d+))?(-(?<compatibility>.*))?$"
    },
    {
      "matchPackagePatterns": [
        "com.google.android.horologist:.*"
      ],
      "allowedVersions": "<0.7.0"
    }
  ]
}
